{
  "project_info": {
    "project_number": "1052877640982",
    "project_id": "mobiluygulamagelistirme-c1824",
    "storage_bucket": "mobiluygulamagelistirme-c1824.firebasestorage.app"
  },
  "client": [
    {
      "client_info": {
        "mobilesdk_app_id": "1:1052877640982:android:8e76a29ce0c4d24f4a2c37",
        "android_client_info": {
          "package_name": "com.example.emptyviewsactivity"
        }
      },
      "oauth_client": [],
      "api_key": [
        {
          "current_key": "AIzaSyC1I_xSCMhrd2nJPYndkPlUXCT9RlbIYvw"
        }
      ],
      "services": {
        "appinvite_service": {
          "other_platform_oauth_client": []
        }
      }
    }
  ],
  "configuration_version": "1"
}